PrefID,F1.mean,F1.low,F1.high,F2.mean,F2.low,F2.high,F1.log.mean,F1.log.sd,F2.log.mean,F2.log.sd,Disease,Pref
1,1.0665899053048913,0.8078909875562346,1.384158749369228,1.0628636497343391,0.8205471844920288,1.3446844353869636,0.05530322137949719,0.1351715345719129,0.05306149899544572,0.12585583004633943,AHC,5101
2,1.2054295171074167,0.8681325034131697,1.6242659315783707,0.45763840571220943,0.33447797180704003,0.6089891847791772,0.17390554000221803,0.16079952118208182,-0.7933504264127679,0.1527803089818627,AHC,5103
3,0.7972276496435691,0.5324816632199939,1.1361292770065745,1.3733692250487792,0.9223610746353429,1.99739306601375,-0.2455469173298509,0.19496301850526648,0.2982124621607326,0.19505202366663874,AHC,5104
4,1.007537487612157,0.8167582631549517,1.2394390849011705,0.7126518048647686,0.5696683575365187,0.8788360626689496,0.0018227685836345463,0.10651885440403759,-0.3447698922266474,0.1096616438196991,AHC,5105
5,1.2348416825080817,0.9003652902878494,1.632008595701165,0.8121831332630987,0.6088660617877798,1.058372742402524,0.19962261785591592,0.15081309106587207,-0.21804601116960406,0.1416850557107845,AHC,5106
6,0.8788330667707093,0.6850458240125218,1.088519421572119,1.022866386030176,0.7910672958742302,1.2739474987838386,-0.136043543147687,0.11767274544044051,0.015374548844729918,0.12067909768985653,AHC,5107
7,0.9720289082026408,0.7189984156869543,1.2852117184858656,1.1290274845609756,0.8101757310717655,1.5459632172537774,-0.039319525804142864,0.14800348985122275,0.10785280691602511,0.16410281030547194,AHC,5108
8,1.003386681380446,0.7542028073927955,1.2988890107615692,1.1003533145345892,0.8207487623258696,1.4426955897858782,-0.006164605118208424,0.13843036690109015,0.08551143959900877,0.14226645633771465,AHC,5109
9,1.2123661496867582,0.917717382490244,1.5634554433952381,0.9351101778747318,0.6849715639104489,1.2944634138476327,0.18328951197346086,0.1362722700071696,-0.08059027618571912,0.16317315332503532,AHC,5110
10,1.1361900870437238,0.8852403365118844,1.4378574025352024,1.2162253078763494,0.9430056136022084,1.5350275506169588,0.12005600291919324,0.12342450331609811,0.18816808091179116,0.12330762663051306,AHC,5111
11,1.0632251178393628,0.8432445475804183,1.3384996522337191,1.1023114547923654,0.853462865267745,1.4358378969665073,0.0545165627326142,0.11624778946722769,0.08871200832696509,0.13119861520006143,AHC,5113
12,1.0861050566793098,0.7784200719592578,1.4422079319587766,1.552188496814214,1.1142461149552931,2.0940809833224625,0.07063651122192037,0.15533050936698842,0.4266106905913119,0.1618028120466552,AHC,5114
13,1.4364221394855017,1.0950389810527468,1.8509596569681948,0.9874635463955113,0.7407534609107336,1.2713437876948774,0.3531574173513179,0.134100350397211,-0.02190317481975632,0.13656148985822597,AHC,5115
14,0.7495629495841243,0.5703767926874883,0.9826676044355904,1.1597244722647706,0.8353590198081888,1.5469381912017783,-0.2979207422762605,0.13849041720996458,0.1357211269488653,0.1582536679193965,AHC,5116
15,1.192992558770881,0.8754296520485504,1.5780530417468779,1.3068157537370109,0.9292557006393743,1.751665632554061,0.16521301096040042,0.15019263872222338,0.2551213731822874,0.1584809885641319,AHC,5117
16,0.5541855760764588,0.39935101995377903,0.7479739261021542,0.9045738658003576,0.6576439775599608,1.2309835225050634,-0.6029438102164772,0.15936962338236915,-0.11322007736937352,0.16039664534369738,AHC,5118
17,0.8844584968440842,0.6750744995070985,1.1289155343050528,0.47718149281901556,0.3493907215115726,0.6327826327088507,-0.13145711209259103,0.1318675476632028,-0.7512492505494298,0.15123875799079528,AHC,5119
18,1.6373402052728818,1.1771913979478417,2.2234298751237866,0.8524952558571179,0.611359815341175,1.145566382488279,0.48028112525515687,0.15997934700174532,-0.17208157682686792,0.15840035425981772,AHC,5120
19,1.0405649115111721,0.6540525304530763,1.4760566889259987,1.5054693798324938,1.060374348139213,2.064615319666083,0.018409279778625824,0.20882635415601494,0.39484433994944274,0.16898620923909496,AHC,5132
20,1.0530345645508272,0.7215935963722747,1.5225586964144422,0.9293558182070979,0.6744123433548415,1.2592522308884266,0.03371035461922497,0.1883843709270666,-0.0858183836251394,0.15821428509055463,AHC,5133
21,0.9037647061636775,0.6670508015729704,1.2146977477202325,1.1898817831752833,0.8833756293759021,1.5570712930193946,-0.11277960354344976,0.15183728330801854,0.1635785667476864,0.14357543172554837,AHC,5134
1,1.2611994884842843,1.0420285215271128,1.4986917047227837,1.1963878733499536,1.0141544485830511,1.402020305672019,0.22778495785224054,0.09265030372241301,0.1759201113104796,0.0822997738509052,Bacillary dysentery,5101
2,1.0363115140962151,0.8599263465626907,1.230249337805742,1.336731487320848,1.1020885709530401,1.6094327929938876,0.03153262161406827,0.09104695270963929,0.2856021314158523,0.09613143978440691,Bacillary dysentery,5103
3,0.9886022905481202,0.8753137554986706,1.10033856879881,1.0251638151157298,0.9173477401766501,1.145254957004179,-0.013114900104972243,0.05757566022713064,0.023265402965332763,0.05631048856674821,Bacillary dysentery,5104
4,1.1772840193319745,0.955692157739835,1.4301585675529886,1.0580382354550726,0.8392542433813442,1.3192842224284407,0.15789436107208593,0.10317701453474236,0.04983656086013484,0.11465774973064782,Bacillary dysentery,5105
5,1.0086917163066993,0.8129205294423456,1.2361930006035842,0.8820932930098014,0.6682510979715383,1.2000558439803566,0.003023996134280728,0.10613462547091185,-0.13777138363227914,0.15567649568595332,Bacillary dysentery,5106
6,1.083251267911089,0.9036753587677475,1.2918222116357703,1.034244499134263,0.8441151396682381,1.267700237764771,0.07576937013777793,0.09156639622251174,0.02828630241955178,0.10357005568276627,Bacillary dysentery,5107
7,1.158963191187114,0.9372749915725451,1.414092178167797,0.9654177089874838,0.7655415378501209,1.1998465858777108,0.14205631767251464,0.1046227587914677,-0.041772362670517205,0.1147413691021904,Bacillary dysentery,5108
8,0.9331702755128377,0.776301356732102,1.1108439847934959,0.9885145233769995,0.8031948680283643,1.2056611727352007,-0.07332535669603844,0.09122073795999504,-0.016927608647754992,0.10368568828492229,Bacillary dysentery,5109
9,1.1712542422170746,0.9740164183260782,1.3678959407220148,1.0606968687011558,0.889724594156814,1.290702700452074,0.1543939698783993,0.08612161236672779,0.054453932548048145,0.0940964136963086,Bacillary dysentery,5110
10,1.1185105402135609,0.9146693032952901,1.3224620870458195,1.2158369414801187,1.02757599942356,1.446753177329217,0.10736970600997375,0.09658312888477978,0.19165841539709516,0.08671035833655401,Bacillary dysentery,5111
11,1.104443681333038,0.9023828801673751,1.3388906451902096,0.7988167464133109,0.6317476782608159,0.9923091232364901,0.09432393477092046,0.10016608627513701,-0.2311720258989576,0.11446918604569734,Bacillary dysentery,5113
12,1.0001517808343277,0.8401641914342688,1.1805818530096075,0.913659090758761,0.7466568838230635,1.1072296766841512,-0.003574884138251495,0.08632996339506371,-0.09519464510647441,0.0989298948858069,Bacillary dysentery,5114
13,1.1557505244459942,0.9450446898797848,1.381635865487646,1.098517806777057,0.8930166509726161,1.328261841043626,0.14015048041670922,0.09610015019567089,0.08895686071633738,0.1001573377990902,Bacillary dysentery,5115
14,0.9178305683652535,0.7482638220193992,1.1152051413940933,1.0489283583843216,0.807837069046999,1.3274232763564122,-0.09086593391570821,0.10120217295178664,0.03975420803038386,0.12681432205419493,Bacillary dysentery,5116
15,0.9724020823574194,0.7978042337109402,1.1693965481494104,0.91558152906293655,0.733770150761589,1.1313059716922904,-0.03273341359951791,0.09750990256509212,-0.09431297602373381,0.11052322560551803,Bacillary dysentery,5117
16,1.2881794102518112,1.0551527264563425,1.557775671866651,1.055040021986725,0.8482431224112134,1.2942702011314524,0.24830594138157763,0.09921850863023242,0.04774062204550494,0.1080954633560134,Bacillary dysentery,5118
17,1.3411700566707099,1.0655766518779823,1.6499401345314997,0.9276856084046179,0.7226352189710059,1.1799572922923782,0.28732993656975886,0.11164423887661781,-0.08288243440457257,0.12499769560351359,Bacillary dysentery,5119
18,0.9220706327012534,0.7477755624557596,1.1100365443510496,0.9663437046821083,0.7820902248705844,1.1910760127087792,-0.08606536599259165,0.09953959668901136,-0.03996269108466577,0.10680627575833529,Bacillary dysentery,5120
19,1.1016457672159208,0.9088059468437124,1.3073039959660955,0.8662487826327622,0.7172067182200295,1.0509351886170482,0.09249996924505927,0.09299401910564917,-0.14828269759143678,0.09677745880431936,Bacillary dysentery,5132
20,0.9870431123027894,0.8224402077564539,1.2086093983254775,1.0414387423147389,0.8782303123283146,1.238134696087784,-0.017831974061472668,0.09739944906495542,0.03677598047372217,0.08734503738263993,Bacillary dysentery,5133
21,1.1003198622051826,0.981840089763915,1.2271917006574968,1.0844242423835047,0.9658359050321365,1.213182856162971,0.09399937084706926,0.05660960963800235,0.07937741563002126,0.0578282859769583,Bacillary dysentery,5134
1,0.9455828838549002,0.7767851535498688,1.1399810317346026,1.1422587020671395,0.9327883319113537,1.3849008829839518,-0.06067156974449195,0.09714070879800664,0.12796009473569023,0.10044580762273556,Hepatitis A,5101
2,0.9489858590293054,0.7519162885995376,1.1945893696775944,1.220861111137403,0.9204085423137232,1.576613837235899,-0.05927200962826891,0.1173435332218118,0.19037427119518138,0.13566489140843394,Hepatitis A,5103
3,1.1689073458319272,0.9272409028297351,1.4542190697630277,1.0933325972583707,0.8447730388404616,1.3466866828890367,0.14961229826506098,0.11366196986799118,0.08244337342213019,0.11722707741567541,Hepatitis A,5104
4,1.2004692814147266,0.9589710831167654,1.4820720137851024,0.9879842860445275,0.7583512244985698,1.2571443475516204,0.17660983272044165,0.11050852473560988,-0.0203762120870763,0.12888646353956731,Hepatitis A,5105
5,0.9545304842135917,0.781956939070776,1.170319924719908,1.1724304518541722,0.9322837350733204,1.440530620297353,-0.05178545207224336,0.10219763368936094,0.15295165275060416,0.11091415058311194,Hepatitis A,5106
6,1.1775802842967595,0.936072623236349,1.4614394395859878,0.9001036694024788,0.6909492528348564,1.15148871372856,0.15705398904968831,0.11321528341385281,-0.11358567433837637,0.1292017191495232,Hepatitis A,5107
7,1.0643092016819806,0.8407362836350698,1.3322563415091535,1.3321131526570615,0.9950223476461076,1.7259308600727588,0.05543716272610681,0.11730832224965544,0.2770217079447054,0.1399195304693856,Hepatitis A,5108
8,1.0650592177185898,0.8644043755558665,1.304491779543771,0.8950177962025444,0.709432147089529,1.1197890940929764,0.057573632398059106,0.10437579250146144,-0.11765211250163272,0.11599036160052294,Hepatitis A,5109
9,0.8924466881327099,0.7376007802560114,1.083216352628795,0.9124390554236022,0.7360849952591746,1.1102399066195512,-0.11846142528934459,0.09646601621012772,-0.09705557174582244,0.10425658982177968,Hepatitis A,5110
10,1.32345836341428,1.068971170291933,1.6374342361194314,1.084725000655929,0.8662260201548415,1.3320113994069522,0.27434208444456915,0.10847155606287034,0.07532849534445478,0.10965970899690418,Hepatitis A,5111
11,1.1293449934672344,0.9167789678697722,1.374105223754684,1.0872931129643246,0.853269849451406,1.3846765114355977,0.11639432648195155,0.10244852114276413,0.07607233009767304,0.12316385994825815,Hepatitis A,5113
12,1.2008490927471793,0.9733410880071267,1.4752370660172445,1.2821246877444195,1.0029993421391004,1.5959643480062777,0.17736190658374298,0.10633506936699638,0.24157074576909196,0.11814206826166757,Hepatitis A,5114
13,1.010166279534014,0.8144119019977695,1.2390655255789955,1.2269227842265797,0.9228212815385654,1.5477124658680574,0.004433281889499934,0.10659414260688146,0.1959496576224323,0.13160890385470192,Hepatitis A,5115
14,1.1193888884567222,0.9109775788817439,1.376222663571484,0.9787289400161633,0.739362485756445,1.2429086775021012,0.107235219809489,0.10510895378509857,-0.03004429314463533,0.1313430566449171,Hepatitis A,5116
15,1.3413864706578598,1.0561859110645428,1.680247301495391,0.7684126245990988,0.5818129606119294,0.988345933415189,0.2867184461639262,0.11817460942139031,-0.2723883269388192,0.13404636126462696,Hepatitis A,5117
16,1.3867344972671012,1.0612294253321437,1.7927560953059367,1.1671270801734852,0.8522813946542055,1.5215747564936797,0.3179000181452183,0.13440262393631625,0.14369305546041214,0.14802088086143111,Hepatitis A,5118
17,1.2501362660827608,0.9954457938720787,1.5571396397696455,0.6486026317936362,0.49459562173484306,0.8429179294236206,0.21680756675209228,0.11342869944495683,-0.4422048118633553,0.13598487620631802,Hepatitis A,5119
18,1.109479013963567,0.899656321132394,1.368697504474481,0.9370297170488665,0.7349271452426476,1.198245133894964,0.09819945424020683,0.10647118480833859,-0.07292417930206377,0.12510307053087247,Hepatitis A,5120
19,1.0897664467976211,0.7948229716711119,1.4143508576725439,0.9702497063634969,0.7612672681706997,1.2166014780398862,0.07564409602285975,0.14459801398269567,-0.037255177643993026,0.11882411453746067,Hepatitis A,5132
20,0.9937412576907492,0.7637247055879368,1.2524294696806595,0.9983514652767718,0.8316810689496414,1.1789270878255387,-0.014155923907644145,0.12593128417243898,-0.0054936831940502725,0.08781647948959533,Hepatitis A,5133
21,1.0728119629474266,0.8852574454641664,1.322913745522955,1.2406914794661326,1.029782562131206,1.4577325667728727,0.06501381716603233,0.10220956567292143,0.2117812569883096,0.08844091332202582,Hepatitis A,5134
1,1.023802774250069,0.876140762264056,1.1881024794824242,0.9553378142138282,0.8249406832224083,1.1032657286080276,0.020547151105565528,0.07717063507428598,-0.048391682072015864,0.07346536345294295,Hepatitis B,5101
2,1.0418740389474215,0.881513322266325,1.2248983009375844,0.9144133624436436,0.753943732789316,1.100524368547624,0.0376144166751724,0.08251661877103407,-0.09398464711923805,0.09497124424796187,Hepatitis B,5103
3,0.9595913631966319,0.8244334722417425,1.1144434903337561,0.9867008873281308,0.83220501333618635,1.1518296227157019,-0.04416443730392067,0.07632676407754012,-0.016775264925737915,0.08242859554472144,Hepatitis B,5104
4,1.0424182176563583,0.8987681320433044,1.2042450140289054,0.8854854429442149,0.7558558784898577,1.0311580345909939,0.03878719223939289,0.07421994468515034,-0.12471407625632526,0.07866548678522858,Hepatitis B,5105
5,1.139302642842163,0.9753314416406411,1.3239334684729238,0.9524000899007187,0.7958414713404267,1.1370778503195915,0.12742160096776944,0.07736761164765171,-0.05287674654468159,0.09051555220595318,Hepatitis B,5106
6,1.1417383673948878,0.9773341725983953,1.3273905106105888,0.9331290034974336,0.7801417354255011,1.1056583265263114,0.12956580810162516,0.07725373728003787,-0.07309244282668854,0.08810708043636684,Hepatitis B,5107
7,1.0335505615070857,0.8590543374163483,1.2272229191543464,0.9984348228749416,0.8125531191448335,1.2075527332690368,0.028964158765251685,0.08992123172725557,-0.006558632562618646,0.1000129254376318,Hepatitis B,5108
8,1.0240600484176405,0.87845525505145,1.1870228845034552,0.922637438825748,0.7727933444734536,1.092046348131788,0.020881090065378975,0.0760625840288172,-0.08433570889386735,0.08737465630963899,Hepatitis B,5109
9,1.091054929697062,0.9286326937199868,1.2798564390094231,0.9548612090267216,0.7991376997336893,1.1366544766963336,0.0838488191371724,0.08111305397939254,-0.05015676592858332,0.08900063458577347,Hepatitis B,5110
10,1.1386453188125856,0.9848291042092839,1.3096562537607026,0.9847970097888958,0.8343552127725619,1.1533229303020875,0.12723272952796708,0.07219882012899333,-0.0186747937941758,0.08191833713220512,Hepatitis B,5111
11,1.1493926058314778,0.9693991431920055,1.3534961342949006,0.9956096373820886,0.8240590237337605,1.1899802304768214,0.13570261290241745,0.0840222677922069,-0.00868829913763669,0.09265152532398145,Hepatitis B,5113
12,1.1301692142695348,0.9498059079139767,1.332678216912003,0.9270009961325323,0.7560362156103944,1.1118006734005619,0.11874205740396761,0.08517354334241117,-0.08050339871893529,0.09718849966523181,Hepatitis B,5114
13,1.136474732457642,0.9747136077958077,1.3149331374734228,0.9004854564839456,0.7610612216665518,1.0547814500434527,0.12506616063830048,0.07571812554391054,-0.10823017278837692,0.0826225488745117,Hepatitis B,5115
14,1.1418589078644166,0.9446884122543635,1.3708871491958698,0.9860113875085158,0.7996377617910084,1.1970019728060906,0.12822013523688053,0.09416642315174564,-0.01928669660273638,0.10205373718099073,Hepatitis B,5116
15,1.0421854822758134,0.8797439823313301,1.2273766356379245,0.9714858111046991,0.8070816750965397,1.164007065739931,0.03778244781066162,0.0840923161767542,-0.03322190743773025,0.0925921694037513,Hepatitis B,5117
16,1.152141647486751,0.9689998070223669,1.3570284547204046,0.8729329338139523,0.7103981708139324,1.0553624000553874,0.13800912140010024,0.08501951925943912,-0.1409151849673589,0.10029411817779652,Hepatitis B,5118
17,1.0570836251670703,0.8996316178376063,1.233966096681543,0.877688265057705,0.7337800561934094,1.0428981459841453,0.052328992043746705,0.07980236433026403,-0.13442651536210978,0.08900088813360779,Hepatitis B,5119
18,1.0940268558827178,0.9313857612738037,1.2781807290795542,0.9196553375600659,0.7650098428915645,1.0986906581719684,0.08667334650610177,0.07986962194790186,-0.08791200409830154,0.09111979400791585,Hepatitis B,5120
19,1.1507207192668876,1.0029636669870643,1.296061520239338,0.9953992905448834,0.8638886978148503,1.1195498975206406,0.13831681603593893,0.06455673377374987,-0.00672194321222471,0.06520586287024847,Hepatitis B,5132
20,1.1192077802984763,0.9690312574738316,1.272615772617947,0.9561308332344278,0.842763067237889,1.0769212678921716,0.1102367315200268,0.0691972513166132,-0.04678920678359915,0.06214291048781271,Hepatitis B,5133
21,1.1689344765631633,1.0420532987832825,1.3000372449293882,1.0740898570442072,0.9659690562191396,1.1946804542565164,0.15452136080346118,0.05611006527428103,0.07002619307359188,0.05377065346034552,Hepatitis B,5134
1,1.0538457563721235,0.7991457566733691,1.3712044033233004,0.9987521795105223,0.7613983769807976,1.2761482190680176,0.043177050777882656,0.13600124766138263,-0.009710468458254351,0.1302899584138714,Hepatitis C,5101
2,1.0123739350609462,0.7885515854253144,1.2831511599655556,1.2113081648505253,0.9056547007776775,1.5946052804171,0.004762738534658852,0.12267818229189219,0.18139075820577794,0.14345436597826555,Hepatitis C,5103
3,1.5977464385783187,1.1688773226960618,2.105158939060801,1.3924368987065874,1.0258380542437178,1.8808898424056362,0.45741384819510644,0.14986260894566297,0.31916896586432114,0.153671285343155,Hepatitis C,5104
4,1.0203418354354221,0.7540548951077732,1.3530036542769686,1.3756449786260028,1.0180220768925323,1.8473474797517735,0.009181130840567115,0.14791515602497807,0.30743511961613695,0.15107914731452488,Hepatitis C,5105
5,1.0519649339435724,0.8315025254720751,1.3267882249538916,1.1451448876637524,0.8496801961382215,1.5465305681237995,0.0437377186565651,0.11742216475059257,0.12390333768659419,0.1517427000199176,Hepatitis C,5106
6,1.1219337489567316,0.9000660579104679,1.3945088242396149,0.9995135406726134,0.7801786139999398,1.2828177877062683,0.10895668284488494,0.11021310846822907,-0.008377647060201035,0.12516082430886516,Hepatitis C,5107
7,1.2121044906692604,0.961152877504073,1.5236150760328584,1.2371678573450988,0.9437392756417905,1.580774545551566,0.1855496958264903,0.11647691705424894,0.20449353694581407,0.12926743880702907,Hepatitis C,5108
8,1.1400012633775598,0.9317270257965181,1.3843085044624432,1.2447176281716519,0.9974371055602523,1.5629080258193269,0.12604316229341703,0.09978537267122513,0.2124273077766392,0.11342536271275845,Hepatitis C,5109
9,0.9933940893942395,0.8130400478713199,1.2120493280201095,1.2899939877078448,1.0104782690624534,1.6451557027159553,-0.011697060571741517,0.10050382722517844,0.24705756049180042,0.12270369318672716,Hepatitis C,5110
10,1.0946267717336429,0.914082335366689,1.3071942622410004,1.5262451879808006,1.2413476084772128,1.8536310723413252,0.08633711283312515,0.09018289384039455,0.41770022977638055,0.10111308831002876,Hepatitis C,5111
11,1.1271818121009656,0.8842526078402617,1.4161471853934455,1.5358854873899181,1.1792635446815731,1.9891598157463553,0.11264520990008554,0.11892618039882555,0.4202567279669294,0.13277486882578463,Hepatitis C,5113
12,1.2350267828779726,0.9803879863852718,1.5569197048679604,1.3044589351094391,0.990165274188904,1.7585239516156077,0.20423651517980726,0.11675566429276289,0.25503051916360403,0.1455066907416085,Hepatitis C,5114
13,1.3436765693216444,1.0701369925039554,1.6618696523904397,1.3899601687378702,1.0318706918209901,1.831566687339013,0.2892127994875005,0.11137356200187531,0.3185472261160312,0.14652648965537726,Hepatitis C,5115
14,1.2581285324905733,0.9702739841787671,1.6056678406116909,1.7801153821747835,1.3240553325372715,2.3584552357443482,0.22148891272606341,0.12752647746944484,0.5659238848501301,0.1464478812779086,Hepatitis C,5116
15,1.372813801144179,1.051075024246441,1.738034311245175,1.4650734186631018,1.0547527292293213,1.988838882444866,0.3088680817776731,0.12675629427531326,0.3689021822719868,0.16113627264583869,Hepatitis C,5117
16,1.406204891989848,1.0634881791794415,1.828001825288782,1.1785116759291863,0.8118598626550437,1.7153483464048613,0.3315133072181194,0.13689548169174276,0.14582183046817757,0.19085020603682698,Hepatitis C,5118
17,0.9306799848068513,0.7390698704143066,1.1553739221273953,1.0595893403365013,0.8218763895240646,1.3569976353494702,-0.07826615487417629,0.1133704573176097,0.04987671832849316,0.12627668814920467,Hepatitis C,5119
18,1.222979688976006,0.977106928692772,1.5132285051178913,1.2087696483562334,0.940781204233984,1.5553240826996635,0.19522707845227757,0.11009449299174144,0.18148843970446105,0.12695060136873368,Hepatitis C,5120
19,1.117177065468097,0.7710366806500782,1.551728633315922,1.2849816352222099,0.8279991194170836,1.8842805180901552,0.09516563029200437,0.17721317839491407,0.22870594699459795,0.2105197992988473,Hepatitis C,5132
20,0.8697415439737909,0.6389493953347253,1.1616574346381972,1.1706452355310362,0.8439678724700854,1.5426050744206694,-0.15095519046099673,0.15081857657514625,0.14594810687152626,0.1531286063302088,Hepatitis C,5133
21,1.1116571487686726,0.8563363200450375,1.425115243468271,1.0480237499442133,0.8150556535270717,1.3302252402620474,0.09754418247230899,0.12878734866900726,0.03925192658027006,0.12364931389874002,Hepatitis C,5134
1,1.1043065316200924,0.9485230136296784,1.2692070955702288,1.090030925246857,0.9130623410598041,1.2624088796031059,0.09649442385837288,0.07393066333956243,0.08279252508223937,0.08290950906418505,Hepatitis E,5101
2,1.2167635910165204,1.03897929555078,1.4052143145723943,1.1712499174797197,0.9716515436897987,1.390027807140953,0.19321171879592514,0.07733111865478885,0.15380943779555808,0.09253528357887685,Hepatitis E,5103
3,0.9986636746808975,0.8193827277982514,1.2180452971108557,1.2939080196888493,1.0396256467266085,1.5764287106537294,-0.006454175508083913,0.10104268053009109,0.25223506552555536,0.10441871023167099,Hepatitis E,5104
4,1.0199063677191458,0.8707019001520476,1.18139425024246,1.024139260041873,0.8544193758697732,1.2397783790548687,0.016643371112689934,0.07833562179290053,0.019431762154361976,0.09375516719687588,Hepatitis E,5105
5,0.9727432358426321,0.8379802125180081,1.1333917077122129,0.924576882710103,0.7819578732542016,1.085209254209616,-0.03063018649507212,0.07726978028889529,-0.08190671672326422,0.0835237018239805,Hepatitis E,5106
6,0.9427811629269965,0.8057434800943151,1.1123776874709406,1.0881775204658983,0.9151436552634891,1.2874629842555847,-0.062276034614687135,0.08171786910938714,0.08075116533687524,0.08658419879843185,Hepatitis E,5107
7,1.3083500522231721,1.1103431496163072,1.5146996393022856,0.7121219841303802,0.5941333223241699,0.8391080646350747,0.2656873813816401,0.07865757913313154,-0.3433565239022854,0.08793556829380024,Hepatitis E,5108
8,0.9335113563461294,0.7950454194817062,1.0847940806028096,1.0666197517782423,0.8850719908048894,1.2684727997781662,-0.07194037111356505,0.07926455653482462,0.06023553628025793,0.09231930222486517,Hepatitis E,5109
9,0.990740090159327,0.8422800500255326,1.1565687637884026,1.3586328125856282,1.1209954631121202,1.6478642689188088,-0.012543020958482457,0.08050881858613407,0.3018208887908511,0.09633783551548826,Hepatitis E,5110
10,1.0883779924754367,0.893956368274497,1.3098480506177979,0.5294420169584071,0.4225562769202641,0.6440067836815814,0.07996846455619869,0.097191408346297,-0.641578427921082,0.10662059444401543,Hepatitis E,5111
11,1.0809228858552227,0.9247891568941483,1.259682126316166,0.8306196813127847,0.7007289332828432,0.9779032277733066,0.07478650369885798,0.077792034843788,-0.1891790310366385,0.0848337885228842,Hepatitis E,5113
12,1.1225310415279786,0.9530075466846663,1.3180346509723495,0.8879475273816682,0.7242961654352352,1.0662413142062908,0.11221537299747085,0.08205229938126013,-0.12360707555756206,0.09773269054893562,Hepatitis E,5114
13,0.8421205301607746,0.7151046778356168,0.9833751113524488,1.1591697012526292,0.9547989149322188,1.3747077578105134,-0.1750577719885432,0.08035551088553247,0.14339600091189494,0.09304642308120481,Hepatitis E,5115
14,0.7400274299545707,0.6221743464738285,0.866716577089024,1.0615205321284409,0.8684836726698782,1.271138345719046,-0.30456269128925056,0.08370658974638487,0.054920468181709016,0.09800973812697444,Hepatitis E,5116
15,1.4048141364125204,1.1649737133461944,1.6895219033290454,1.2546892532771994,1.0308795602183225,1.519157782038589,0.3353724803853257,0.09509811535015665,0.22201693905359154,0.09865979388992487,Hepatitis E,5117
16,1.3822105342520357,1.1137312921866471,1.6924111723408046,0.6973011318312412,0.5430073502226253,0.8907692561690995,0.3181047498515493,0.10563562889807732,-0.3681497349772814,0.12295227937268924,Hepatitis E,5118
17,0.7219225387374166,0.6026126743610876,0.8580051833851118,0.9905754138788714,0.819436774590526,1.2001609436562333,-0.3298057073745995,0.08912524064120315,-0.014164261706574944,0.09673079819848904,Hepatitis E,5119
18,0.9706043435398214,0.7971007110768652,1.1758022295841442,0.7236576911413753,0.5813669816218968,0.8876352767925223,-0.03460518883810688,0.09754579303525801,-0.32921534524312385,0.10752958460989809,Hepatitis E,5120
19,0.920558659568009,0.6547649460849743,1.2278438992059628,1.3585991244668079,0.9924366752052478,1.8181464415763322,-0.09621287354694585,0.16473934254049882,0.2944590609503332,0.15501856012479087,Hepatitis E,5132
20,1.3333891638742843,1.0258266135734306,1.682843044276411,0.9700068954070613,0.7474896494421399,1.2487581267503896,0.279856845017671,0.12583181826943468,-0.03905443943122928,0.1311016230177564,Hepatitis E,5133
21,1.3543702895310867,1.1408180864449569,1.6047468690937494,1.1607115447751344,0.981818910229061,1.3735722079320867,0.29951734765146326,0.08730236449107875,0.14541639088914518,0.08493442666662719,Hepatitis E,5134
1,1.078758322570126,0.9329731898478815,1.199332244454596,1.1321525723146297,1.0191475615256997,1.256206433624303,0.07390182820820856,0.06219424273423325,0.12270524824680584,0.05319873186438358,Infectious diarrhea,5101
2,1.3466947136350216,1.1536914584311209,1.5636615049311509,1.0818409203246606,0.9187283565929378,1.2692212823121054,0.2946597853179379,0.07736911299060573,0.07529959213297975,0.08200468294871717,Infectious diarrhea,5103
3,0.8535138884905894,0.7443618810350717,0.9834368364910423,1.1759844843312675,0.9963470855790809,1.3546726024990978,-0.16089305185085145,0.0705840609841108,0.15916756311686445,0.07688700593567138,Infectious diarrhea,5104
4,1.1918972854629741,1.0341445115000478,1.3614118690361288,1.1228391059531997,0.9590566747075302,1.3037365042058955,0.17311825912941342,0.06973522782931581,0.11280946431046784,0.07814729532837603,Infectious diarrhea,5105
5,1.0950981669556787,0.9768701309635806,1.2248314273677308,1.1372484647084244,1.0084443375816943,1.2784623314152093,0.08919425467493988,0.05742678603534279,0.12679615094636099,0.06025879826454388,Infectious diarrhea,5106
6,1.209650436909233,1.040732545757212,1.3971511139379331,1.112696179137543,0.9380676241697814,1.3088175596129143,0.1875271104043658,0.07488554003612424,0.10317419691552616,0.08500257813501745,Infectious diarrhea,5107
7,1.0664133523804395,0.8918801629991999,1.262169369729301,1.0922371958937778,0.8921263639252808,1.3282667602176241,0.060413049440138776,0.08819602043878605,0.08302100950191194,0.10198369813653257,Infectious diarrhea,5108
8,1.1718740097545493,1.0022305135863332,1.3617987727702887,1.067604500079749,0.8977555358614142,1.2621712367791083,0.15555688238282608,0.07807081760470636,0.061628299860560606,0.08702954518693795,Infectious diarrhea,5109
9,1.035236605900165,0.8944086385575339,1.188541890845117,1.0449476853522182,0.8821051945151176,1.2251587266599826,0.03203586594921196,0.07206726185474949,0.040497668577070614,0.08333749122893784,Infectious diarrhea,5110
10,1.102411146265719,0.9668268111682912,1.2543193837295956,1.0700199352038284,0.9212219501320018,1.2350100357676796,0.09528239089638046,0.0665741200251598,0.06489219299061347,0.0746453645005834,Infectious diarrhea,5111
11,1.222308845129647,1.054681103272285,1.4089052764433392,1.0425537346330003,0.8789387619271798,1.2273186264989393,0.1980307029180032,0.0736288534403619,0.03805344429524797,0.08507978189063568,Infectious diarrhea,5113
12,1.1424152827539986,0.9694713912061488,1.357699402100438,0.9805890257008884,0.8215163031671748,1.1682134801859108,0.1295808685647414,0.08419660665217793,-0.023407690785042318,0.08715507666711106,Infectious diarrhea,5114
13,1.133954971683864,0.9767032188070284,1.3058994831405057,0.96002278710938,0.8148718916775841,1.1171285539597393,0.12299334296508496,0.07377314243525147,-0.04400314782095702,0.08012105675671526,Infectious diarrhea,5115
14,1.0274476559049626,0.8786017522560191,1.192892187111731,1.4811317983128145,1.2335959201106599,1.7621269504862382,0.02407647979175769,0.07748217686175583,0.38875177534490235,0.09007830667279915,Infectious diarrhea,5116
15,1.1514323406424338,0.982253952216975,1.3425310060812776,0.9914393840964277,0.8305456464122284,1.181480866911392,0.137896338324073,0.07885902467721435,-0.012641432895680276,0.08983768660514206,Infectious diarrhea,5117
16,1.1522538615201796,0.9756341218111564,1.3479465210726158,0.9868706132785852,0.8228094654097686,1.1665872803861916,0.13831718413216265,0.08252677724924998,-0.017140392041286357,0.0886966886260793,Infectious diarrhea,5118
17,1.1822286453320248,0.9904771391479232,1.3926329075032478,0.9583211195830793,0.7933943190861237,1.1605768804450438,0.16360872694458795,0.08716585059703878,-0.0472917273063019,0.09697897807535993,Infectious diarrhea,5119
18,0.8338608815979487,0.7132814903543713,0.9665845206683653,0.8552676122841597,0.7173644343772917,1.012180032592857,-0.18467495497668301,0.07730787803160781,-0.16018323038157634,0.08766163770601021,Infectious diarrhea,5120
19,0.8745323947716153,0.7367737141283246,1.0236821864696326,0.9206215040915401,0.789632441634815,1.0679667380632565,-0.13756516442876776,0.0837090025527941,-0.08561316360759445,0.07622350852000231,Infectious diarrhea,5132
20,1.0045700814653196,0.8524118294830354,1.182744957355445,1.0055627110316006,0.8623309054115715,1.1646713968788855,0.0010837095916026872,0.08329222770339172,0.002644268815451677,0.07620774263317352,Infectious diarrhea,5133
21,1.2236099231126063,1.0737782451845899,1.3722460150949503,1.101709507849988,0.983715593801161,1.2423202336497021,0.19986075118354502,0.06249625032805458,0.09508399021361601,0.05954466683117488,Infectious diarrhea,5134
1,1.0764028672545285,0.9210647104321064,1.2395290073164906,1.1690296637433555,1.0145046168421077,1.3351411694976472,0.07082772589903075,0.07491721247892467,0.1537469035075663,0.06972539425664785,Gonorrhea,5101
2,1.2479374961621195,1.0316033914197242,1.4574306530116736,1.0789982383616368,0.9082928393269152,1.2504969305667821,0.21770290356257094,0.08746823771524287,0.07279756860565433,0.08069856968412074,Gonorrhea,5103
3,1.0303989273245364,0.8211286279089731,1.297606038391882,1.1441096167648424,0.9301548362648323,1.397772614751274,0.02293557281298864,0.11803063487057551,0.12930813943100355,0.10306519770852708,Gonorrhea,5104
4,1.1182293092600133,0.9469970258498266,1.3125573096328083,1.1718008456687827,0.9774736651055415,1.3578364044549738,0.10834833755565362,0.08242670946093059,0.15511220697984518,0.0832387661177717,Gonorrhea,5105
5,1.1446060480534592,0.9592220988761416,1.361081166709515,1.2958216611677282,1.0807815767049553,1.541325588891583,0.13112786422575487,0.08857332730158561,0.25508698576945565,0.09011512590015297,Gonorrhea,5106
6,0.9629236356622631,0.8196506039253778,1.1182904473318107,1.1725791982071494,1.0034868759886384,1.3518751011712205,-0.040851852833559556,0.07845650717146044,0.15638263173408606,0.07525991059428537,Gonorrhea,5107
7,1.1350298986858645,0.9189493626716542,1.3740144214647585,1.2778612677142343,1.020387802404698,1.5290184388645902,0.12155520611595631,0.10117609459323347,0.23995763865254638,0.10285208798400208,Gonorrhea,5108
8,1.37195928691477,1.1219802189393133,1.645765053942379,1.0479348171165934,0.8453489050357698,1.2450197629236184,0.3116202097152289,0.09630791205356817,0.042256478337840755,0.09619918170838378,Gonorrhea,5109
9,1.1131386911260268,0.9182968157124602,1.3291896948618174,1.0314547086851105,0.8453414778827228,1.2271745255041393,0.10281157404714776,0.09364033188994918,0.02663459674491122,0.0933655236442035,Gonorrhea,5110
10,1.3508816204512506,1.114891037033101,1.588430690032105,1.0133935969287957,0.8380372789719596,1.1772463169357081,0.296877345230785,0.08840464412646552,0.009705125032111888,0.08535012694024993,Gonorrhea,5111
11,1.0311828822831413,0.8607356157684958,1.219714704279308,1.1146373678434756,0.9160236619371469,1.3148222036988912,0.0268768659432596,0.0876501242925201,0.10439295102117116,0.0912936499510296,Gonorrhea,5113
12,1.4164529077475627,1.1391882076355737,1.7202696315449095,0.8800608313925572,0.684514196171639,1.0833408020557973,0.34272270489945933,0.1044708058188077,-0.13465591933952215,0.11796636299771221,Gonorrhea,5114
13,1.1658348621189627,0.984306355371629,1.3860845036537865,1.2101173165069636,1.0201609005631878,1.4198731491878682,0.14965277894717005,0.08680422237091583,0.18721168878586675,0.08379983617542604,Gonorrhea,5115
14,1.0388682433226424,0.8253829925351753,1.2643796214869076,1.2990244703182456,1.0387688260407528,1.584562936462404,0.03237695495650322,0.10767117599738542,0.2560425227582366,0.10580040367039197,Gonorrhea,5116
15,1.0244396943685978,0.8372482346212857,1.2287607368793254,1.1022821008753154,0.9115140718710596,1.3050663909114806,0.019479525894184405,0.09679581102519731,0.09330569151846727,0.09048172389461834,Gonorrhea,5117
16,1.404239044316338,1.1232215746810088,1.6850995967021951,0.9668225774567561,0.8106069586233613,1.1525313950591536,0.3343666271294325,0.10181816548365072,-0.03768691618179799,0.08874956593436957,Gonorrhea,5118
17,0.7083494038415148,0.5562506755409833,0.9167966384537085,0.8757634696129509,0.6587929215540859,1.0664636563039553,-0.35272656514004364,0.125301735893364,-0.14058160131080752,0.12728521313802277,Gonorrhea,5119
18,0.7863458034805143,0.6521399279268725,0.9287337454699947,1.0972145894919596,0.9256875842169696,1.2967694080240282,-0.24430407268158486,0.08899219472066579,0.08910057768076633,0.08563691207662662,Gonorrhea,5120
19,1.0265204055993877,0.7752987232642451,1.312938838872577,0.8059547774716619,0.6511052816401076,1.0053441858572463,0.01717479314484652,0.1344567946350593,-0.2219595823999599,0.11127869671317793,Gonorrhea,5132
20,1.1747209734934185,0.8447049092100831,1.5971145969691705,0.8948619115310072,0.7148089748608684,1.1232880635909899,0.1476541881311148,0.16376831316559123,-0.11776093655833197,0.1152561840547169,Gonorrhea,5133
21,1.1964111890338787,0.9636634578929367,1.4535759196933955,0.8886386773554655,0.7298157117118004,1.0563596467655683,0.17389137939231666,0.10444222505011551,-0.12245906692088022,0.09397640056082553,Gonorrhea,5134
1,1.1807709008735485,1.0192331818029439,1.3540363829700826,1.0140067013694454,0.8810588927965717,1.1593151972086388,0.1635873901549851,0.07189460722763925,0.011487808052909032,0.06961368564813387,HIV/AIDS,5101
2,1.2404521435624611,0.9743463597624896,1.543424629133516,0.9921317822278427,0.7730183467091131,1.250581711755682,0.2086540938745764,0.11699358325474357,-0.015319886940254481,0.1218941891449319,HIV/AIDS,5103
3,1.0337700454825947,0.8250014033234754,1.2875362688226022,1.409072569854565,1.1266116159426791,1.7777482182090831,0.02682977456398485,0.11284508939623014,0.33623646219559816,0.11518097382067553,HIV/AIDS,5104
4,1.1997769460276304,0.992556450777192,1.418868738093609,1.0317297075614233,0.815562603828258,1.2403715411376817,0.17810429365893157,0.08999702380805395,0.025597006718101122,0.10692272773177988,HIV/AIDS,5105
5,1.226551423309284,0.997503101791871,1.4669381469887566,1.0678993309132392,0.8361899552865806,1.2804195121624202,0.19946413961192458,0.09771796529453684,0.06017436844911414,0.10603022342988844,HIV/AIDS,5106
6,1.1146381248726507,0.9260871762386319,1.3215022965366878,0.992120518271273,0.820573498498623,1.1768502885438437,0.10446529619996661,0.09025675965429793,-0.012037648136286322,0.09104966619733698,HIV/AIDS,5107
7,1.4961165055616945,1.133094889350593,1.9436359376232661,1.1392018642778514,0.8726514524716873,1.4504514878448362,0.3934513405691823,0.13714771466239611,0.12206832744887022,0.12875343133118444,HIV/AIDS,5108
8,1.2501381866743502,1.0389330461665638,1.493758843051951,1.0547075225347287,0.8672794917589802,1.2577403486870642,0.2190257290979446,0.09192821807652186,0.048848324570768445,0.0941443650145603,HIV/AIDS,5109
9,1.2413566462835728,1.0036052060584433,1.5048278747550383,0.9203423666690836,0.7247937901029866,1.13832197150784,0.21093332622568603,0.10285901879927452,-0.08947142142040988,0.11392360884836933,HIV/AIDS,5110
10,1.2145691554899054,0.9665497974544801,1.5071659058927882,1.1071685471342632,0.8657602060141091,1.3798479889762656,0.18803139429790164,0.11276939782514113,0.0948250731419662,0.11838096017885649,HIV/AIDS,5111
11,1.1833059200231981,0.9536467053181055,1.4442159595312423,1.3459175260760703,1.083386726667509,1.6514682435018655,0.16279617626029716,0.10514397321639567,0.29137533124170506,0.10681713855575314,HIV/AIDS,5113
12,1.2046633905221777,0.9729425672396925,1.469196932035348,0.8630553443244497,0.6712395389845249,1.0792274322424913,0.18072170571551602,0.10476552912752177,-0.15457117170571488,0.12110156073720964,HIV/AIDS,5114
13,1.252237598283599,1.0368605199029832,1.4965938248333257,1.0003019341674948,0.7763868034173447,1.2432951344464847,0.2205686966271644,0.0934293470694021,-0.0068695406176897825,0.12016533838535431,HIV/AIDS,5115
14,1.343012492470417,1.1002942634965611,1.6108836538388578,1.2372347326354634,0.9676168196853502,1.5273342184070635,0.2902907448299856,0.0962841404019524,0.20629643647215526,0.11518939977394482,HIV/AIDS,5116
15,1.1994170283626833,0.9726230418348956,1.453389505093878,1.3090728183634133,1.0038542242317474,1.638834560050254,0.1767069593161555,0.10139623303432459,0.2616891351678446,0.12404970414322385,HIV/AIDS,5117
16,1.1357081502511364,0.8848331018696722,1.4351834091750757,0.9540638820640355,0.7089694721762473,1.2581937602357316,0.11975245205240505,0.12252562354032606,-0.05778632545896559,0.146682623045059,HIV/AIDS,5118
17,1.3867600124026918,1.0284848805877842,1.8038906705760116,1.3321339211604077,1.0028325665258413,1.7113337985324444,0.3169844360734073,0.14168027618021362,0.2777586995395631,0.13464758424271048,HIV/AIDS,5119
18,1.3879633874558295,1.1423500089989398,1.6641348710541088,1.2027880520259056,0.9848271833083273,1.4430039444499638,0.32331342302590327,0.09517450633187997,0.17997477022879568,0.09680174957386312,HIV/AIDS,5120
19,1.1655030257571608,0.801393650400424,1.676919772576411,0.9192372609338916,0.6343900578413748,1.2367744362340094,0.13543009402046594,0.18722276291923656,-0.09831639304716429,0.16920533845526087,HIV/AIDS,5132
20,1.1074102681575908,0.8524639179839885,1.4413913147352246,1.1415269465218705,0.9001758065241948,1.419092514455792,0.093077431730805,0.13309166943953418,0.12575467033137414,0.11511048429612485,HIV/AIDS,5133
21,1.0393299798045006,0.8415577866553949,1.2704584796261662,1.1372899102127427,0.9298362997150824,1.3774757031451967,0.03310674737606246,0.10457075385160099,0.12370650285457037,0.09939809705560208,HIV/AIDS,5134
1,1.2006065657717653,1.0589791557689294,1.35805714758696,1.120321577073094,0.9920460077285891,1.265551361796676,0.1808221333270783,0.06329999956301609,0.11171404464272178,0.06162222771251141,Syphilis,5101
2,1.2142138697368394,1.0317084966984353,1.405198355954356,1.14591487253271,0.868544098375783,1.3414280957868376,0.19106776503615922,0.07800187526097693,0.13110396317569928,0.10277989187035245,Syphilis,5103
3,1.2612556593932862,1.0047206376732223,1.5710392763021723,1.0616689819312175,0.8593527157855492,1.2779238672592972,0.22513739829233811,0.11801118940036365,0.0548934240818557,0.0997499778448135,Syphilis,5104
4,1.1055085684629542,0.9243144227815165,1.3141216584670823,0.9220114840417155,0.7429001184049701,1.1508830551682843,0.09637104679492565,0.08867107713727947,-0.08732426690162325,0.11036536265362899,Syphilis,5105
5,1.2333085863934143,1.0248846909363074,1.459225537287662,0.9701161250996135,0.7816623904366615,1.1687790932757445,0.20569082912012837,0.08969126308522961,-0.035671702507009906,0.10361056461071325,Syphilis,5106
6,0.9856734516782735,0.8516220818051249,1.1364411094929323,1.0762131476329873,0.8541794872251908,1.2444602022397178,-0.017109757380784275,0.07315388046888528,0.06946698239198994,0.09044108031786326,Syphilis,5107
7,1.0798070596668172,0.81437598392476,1.3665231297617535,1.02877241834657,0.7592043286746528,1.3966468076202192,0.06797136192944928,0.13336270871793107,0.015378848598610832,0.16043169300625076,Syphilis,5108
8,1.1071324323352583,0.9230545176051673,1.3014258213099155,1.062245402647376,0.8508260254578696,1.2523876974627077,0.09805584348431144,0.08639166549420277,0.05589935391970203,0.09548658312457818,Syphilis,5109
9,1.372946368364015,1.1660971745350084,1.5860932631747076,1.0208167584385999,0.824860240989669,1.1862143575607795,0.3139599112437203,0.07764797022295689,0.016763145989959635,0.08851870168068389,Syphilis,5110
10,1.2538120314705774,1.0518211166509188,1.5136918463929159,1.031640563697806,0.8047213649826148,1.2554826642283554,0.22182967843550844,0.09304630980971536,0.02434523230881347,0.11736963130450949,Syphilis,5111
11,1.2786450476775275,1.1010718962899493,1.4734554191222615,1.246259618407324,1.060850515252636,1.448596414999101,0.24307448404793836,0.07386041807551226,0.217044973939875,0.07881748681595824,Syphilis,5113
12,1.124391344693788,0.9699030938815459,1.3216119010255996,1.0249862930625884,0.8804138680374778,1.176957398114483,0.11411515887707045,0.07879915004387118,0.021974157093391847,0.07364893853446129,Syphilis,5114
13,1.102045278612639,0.9308577371442497,1.2963199308367463,0.9673096157438603,0.7979627239829832,1.1640632546807728,0.09368508644346163,0.0834349129336406,-0.03784440374367234,0.09596270200535964,Syphilis,5115
14,1.0997923986476619,0.9091696126238802,1.3174525927175056,1.3332538900847777,1.0680327817510629,1.6080397641686595,0.09070647695327272,0.09398417492026975,0.28236258591296876,0.10299880212607225,Syphilis,5116
15,1.2281512977724924,1.0250167277280036,1.452706663101625,1.2295136619250466,0.9762121855783636,1.5138337218149742,0.201588917739675,0.08863775010972326,0.20028746373309345,0.11273547922975709,Syphilis,5117
16,1.3881703099366849,1.1602028828748854,1.6507259360860354,1.0908550468260927,0.9040599055356506,1.2933699650868882,0.32392653641781755,0.09008001315216721,0.08287737359362479,0.09052533331299263,Syphilis,5118
17,1.0955379494560018,0.8538091168783724,1.383115686363479,1.1845073238903305,0.8589826844040435,1.5722549371307528,0.08378853025803769,0.12213232987818215,0.15740123759415056,0.1548182240957316,Syphilis,5119
18,1.3699969851218556,1.2111108972311844,1.5397124865869953,1.0182308987145603,0.8915211389104195,1.1419551070348775,0.31295536703186005,0.0608999011425099,0.016150981405323242,0.06210129099216317,Syphilis,5120
19,0.9875993232548164,0.779507700247254,1.2449736012481203,1.1799974064566738,0.9513238217137003,1.4274361161226654,-0.019587986638832742,0.11903687980990063,0.1602687679981478,0.10264973735602247,Syphilis,5132
20,1.2579929512641805,1.0376234727827347,1.5303515728340709,1.0733371859787204,0.916500495154452,1.2719431930806808,0.2246923490489911,0.09800586021608226,0.06732333154570691,0.08276118198971294,Syphilis,5133
21,1.2217671347047494,1.017718638257978,1.4731125094490825,1.2949449789637693,1.0960747012891714,1.521638752252542,0.1958477508201466,0.09412174893073456,0.25495825622071566,0.08376291859432919,Syphilis,5134
1,1.0888074911492516,1.041393951706169,1.1423768332436814,1.0371037892216015,0.9845134335685177,1.0876903136597937,0.08480368318466008,0.023610132415035342,0.03611523501587607,0.025195275184425853,TB,5101
2,1.0162508668697066,0.9483910536521171,1.077692933446378,0.9192542190846356,0.8610446717751029,0.9880798398889458,0.015609268231684539,0.03202868795657054,-0.08478328037952046,0.034321824094495,TB,5103
3,1.0485298677331696,0.9549517215438031,1.1477382197392507,1.0460727293149195,0.9360576999347521,1.155135557057718,0.04630402375347307,0.0465932352876633,0.04366076471326496,0.05268325410232794,TB,5104
4,1.0735819581780437,1.0017892625327975,1.1532469408810577,1.013395186554782,0.9367905470341211,1.0918746958669447,0.07036558079692527,0.03561434570046621,0.012556573621443167,0.03873434678707364,TB,5105
5,1.1099215144251797,0.9917709920362716,1.2113025948688836,0.970883670379824,0.8824748784012799,1.0595665139146118,0.10301079065935607,0.050758539220010106,-0.030600538449888335,0.045908432369638964,TB,5106
6,1.1455996373356658,1.0549010661335958,1.2379492230576616,1.065774628666811,0.9704046782823147,1.162015294624932,0.13510258690334126,0.04065635579800407,0.06265845091653623,0.04571883941579757,TB,5107
7,1.087854350571994,0.9756931103977454,1.2093981124447046,0.9986659475101044,0.879280549908015,1.1173823072890485,0.08276252147065079,0.053753200985915475,-0.0031616887513705267,0.06055020572791194,TB,5108
8,1.0232483613827117,0.9145681479861257,1.127430765187068,0.9789583785315253,0.8809772072502174,1.0834259184152293,0.02161851831805904,0.052319347447780176,-0.022649804483504284,0.05261137195882684,TB,5109
9,1.226670543192824,1.1426103563247274,1.312375472367894,1.0222385668602243,0.9384605281699097,1.1006503636889704,0.20368949893832453,0.035060719721545265,0.02119328823976891,0.04011531493494277,TB,5110
10,1.1884033050471665,1.0916381371977575,1.290822886539924,1.1841726103212726,1.0731907468616755,1.2965138082140903,0.17170207018558928,0.04263215272163624,0.16789012748675025,0.04809484885888967,TB,5111
11,1.0744551700497627,0.9900008236918816,1.163972076181598,1.0210839152383817,0.9324004699778978,1.1109572157434098,0.07097374159586721,0.04098817963590962,0.019881973757764338,0.044376144314163306,TB,5113
12,1.168367070836329,1.0795344658671273,1.2652255079073478,1.1117982593143114,1.0158793425666448,1.2026207626195469,0.15478901866105554,0.04043549316568231,0.10506201121332415,0.042894559758583306,TB,5114
13,1.1136110952087652,1.032986565974663,1.196417945144204,1.046442825922297,0.9606834002545956,1.129461118207561,0.10690993214899092,0.03738087952787329,0.044561870234126166,0.04091412169638611,TB,5115
14,1.0620686971155904,0.9850306901959383,1.1407625943238044,1.0230312056900266,0.9451651877837818,1.1069040094053029,0.059529514700488756,0.0371435446669596,0.021969189958743557,0.040006364801053226,TB,5116
15,1.0545533140424717,0.96479478430014,1.1567399068252484,1.0603496465917197,0.964365819438682,1.1770108880386156,0.05205066701679753,0.04613954969302101,0.05732711584694148,0.0503137161399976,TB,5117
16,1.3152964111309131,1.1716417568680122,1.4397717666360823,0.9713561197912344,0.8831348615336958,1.0654768647972737,0.2726920098674229,0.052544986689678413,-0.03018753625557328,0.04745531981354635,TB,5118
17,1.0521142584174437,0.9530241996392996,1.159622215778374,0.9450429520693767,0.8340248168200673,1.0478306427630102,0.049558406350241294,0.04985614906269431,-0.058161375225515115,0.057404274933706145,TB,5119
18,1.1424893553213296,1.0520588927668428,1.2515297877807838,1.0338140944699907,0.9457811093223999,1.1188848368296749,0.13223869611642103,0.04398197310825831,0.03234356718137453,0.04277871984885681,TB,5120
19,0.9734415902648664,0.8690113874502938,1.0860209180156917,0.9879240081812501,0.8874962199691117,1.09344587270332,-0.028521702466034835,0.056654420775244636,-0.013565202503394394,0.053233244375208676,TB,5132
20,1.107587734799331,1.0021142661018736,1.2190193835157248,1.0727835080750845,0.978162986251432,1.1738118907019581,0.1009463064654186,0.0497795671708843,0.06918473901609702,0.04630001635527975,TB,5133
21,1.1411240235737037,1.0463721308921543,1.242293137311846,1.181522542130108,1.0851796380492027,1.2864947439571932,0.13106230776538025,0.043619934437802134,0.1658680325639087,0.04324925655663234,TB,5134
